[
  {
    "id": "d53229ce-bf38-464b-9ec6-a0471ffb5abc",
    "data": [
      {
        "text": "Hablar con can pai",
        "userDefined": false
      }
    ],
    "isTemplate": false,
    "count": 0,
    "updated": 1541495249
  },
  {
    "id": "21f0a21b-864b-4022-82ac-04456b91d451",
    "data": [
      {
        "text": "Hablar con can py",
        "userDefined": false
      }
    ],
    "isTemplate": false,
    "count": 0,
    "updated": 1541495249
  },
  {
    "id": "95b09ef3-c0ac-4e87-90b2-b1ac7489fc6a",
    "data": [
      {
        "text": "Hablar con canpy",
        "userDefined": false
      }
    ],
    "isTemplate": false,
    "count": 0,
    "updated": 1541495249
  },
  {
    "id": "53c90dec-d2cc-448b-93d1-e5a5e9ad3fc7",
    "data": [
      {
        "text": "hola canpy",
        "userDefined": false
      }
    ],
    "isTemplate": false,
    "count": 0,
    "updated": 1542403870
  },
  {
    "id": "9326141f-9cf3-497a-b244-197601304d20",
    "data": [
      {
        "text": "hey canpy",
        "userDefined": false
      }
    ],
    "isTemplate": false,
    "count": 0,
    "updated": 1542403870
  }
]