[
  {
    "id": "46887fb0-ecfd-4140-b703-e674575fe310",
    "data": [
      {
        "text": "hasta pronto",
        "userDefined": false
      }
    ],
    "isTemplate": false,
    "count": 0,
    "updated": 1542403702
  },
  {
    "id": "8eddfed8-3c60-40d8-a37e-d55aa40c22aa",
    "data": [
      {
        "text": "hasta luego",
        "userDefined": false
      }
    ],
    "isTemplate": false,
    "count": 0,
    "updated": 1542403702
  },
  {
    "id": "65586e9f-5f29-4ddc-921e-87dd88d6f455",
    "data": [
      {
        "text": "gracias por la informacion",
        "userDefined": false
      }
    ],
    "isTemplate": false,
    "count": 0,
    "updated": 1542402922
  },
  {
    "id": "8bcc55d5-932f-4940-989f-7eb1b87748f4",
    "data": [
      {
        "text": "eso es todo gracias",
        "userDefined": false
      }
    ],
    "isTemplate": false,
    "count": 0,
    "updated": 1542402922
  },
  {
    "id": "628047e9-4bc1-43c3-9c0b-7195cb46c5cc",
    "data": [
      {
        "text": "adios, ",
        "userDefined": false
      },
      {
        "text": "muchas",
        "meta": "@sys.ignore",
        "userDefined": false
      },
      {
        "text": " gracias",
        "userDefined": false
      }
    ],
    "isTemplate": false,
    "count": 0,
    "updated": 1542402922
  },
  {
    "id": "e726aa48-68db-4474-825c-0b55f9a8a684",
    "data": [
      {
        "text": "adios",
        "userDefined": false
      }
    ],
    "isTemplate": false,
    "count": 0,
    "updated": 1542402922
  },
  {
    "id": "77b4b100-09ed-4512-b4fc-196852dea254",
    "data": [
      {
        "text": "Gracias por la información",
        "userDefined": false
      }
    ],
    "isTemplate": false,
    "count": 0,
    "updated": 1542402922
  },
  {
    "id": "5bcaee37-d482-4efb-8c4f-fa6cb19a0ee4",
    "data": [
      {
        "text": "Eso es todo",
        "userDefined": false
      }
    ],
    "isTemplate": false,
    "count": 0,
    "updated": 1542402922
  }
]