[
  {
    "id": "70bf3894-7bee-4d5c-93a9-5ea923781672",
    "data": [
      {
        "text": "id ",
        "userDefined": false
      },
      {
        "text": "11",
        "alias": "number",
        "meta": "@sys.number",
        "userDefined": false
      }
    ],
    "isTemplate": false,
    "count": 0,
    "updated": 1542327680
  },
  {
    "id": "93aa5697-a6ef-438e-9a1c-74cda5d02c5a",
    "data": [
      {
        "text": "id ",
        "userDefined": false
      },
      {
        "text": "10",
        "alias": "number",
        "meta": "@sys.number",
        "userDefined": false
      }
    ],
    "isTemplate": false,
    "count": 0,
    "updated": 1542327680
  },
  {
    "id": "95375f20-ac20-4b6c-85c6-c1b3426f1f65",
    "data": [
      {
        "text": "id ",
        "userDefined": false
      },
      {
        "text": "99",
        "alias": "number",
        "meta": "@sys.number",
        "userDefined": false
      }
    ],
    "isTemplate": false,
    "count": 0,
    "updated": 1542327680
  },
  {
    "id": "eaab0672-0b73-472b-83d4-b32b8ad61326",
    "data": [
      {
        "text": "id ",
        "userDefined": false
      },
      {
        "text": "15",
        "alias": "number",
        "meta": "@sys.number",
        "userDefined": false
      }
    ],
    "isTemplate": false,
    "count": 0,
    "updated": 1542327680
  },
  {
    "id": "78092171-dfb6-4492-8d23-8e69f2e542f4",
    "data": [
      {
        "text": "id ",
        "userDefined": false
      },
      {
        "text": "2",
        "alias": "number",
        "meta": "@sys.number",
        "userDefined": false
      }
    ],
    "isTemplate": false,
    "count": 0,
    "updated": 1542327680
  },
  {
    "id": "90980060-556c-421c-a533-5536fbbd0380",
    "data": [
      {
        "text": "id ",
        "userDefined": false
      },
      {
        "text": "1",
        "alias": "number",
        "meta": "@sys.number",
        "userDefined": false
      }
    ],
    "isTemplate": false,
    "count": 0,
    "updated": 1542327680
  }
]