[
  {
    "id": "ecc5fc57-9bb0-459d-991e-204f0b7fd5a2",
    "data": [
      {
        "text": "volver a agenda",
        "userDefined": false
      }
    ],
    "isTemplate": false,
    "count": 0,
    "updated": 1542404344
  },
  {
    "id": "8158b6be-9f4e-40c7-bfa1-4bc88462a05d",
    "data": [
      {
        "text": "ver la agenda",
        "userDefined": false
      }
    ],
    "isTemplate": false,
    "count": 0,
    "updated": 1542404344
  },
  {
    "id": "5d317105-6689-446e-b120-20bc58d7cc2d",
    "data": [
      {
        "text": "volver a ver la agenda",
        "userDefined": false
      }
    ],
    "isTemplate": false,
    "count": 0,
    "updated": 1542404344
  },
  {
    "id": "d72c527b-7dea-415f-a642-2e9d0a8c77d0",
    "data": [
      {
        "text": "dime la agenda del py day",
        "userDefined": false
      }
    ],
    "isTemplate": false,
    "count": 0,
    "updated": 1542237554
  },
  {
    "id": "63f90794-f8ed-4dd6-97b8-37da205eb6de",
    "data": [
      {
        "text": "Dime la agenda del ",
        "userDefined": false
      },
      {
        "text": "pyday",
        "alias": "pyday",
        "meta": "@pyday",
        "userDefined": false
      }
    ],
    "isTemplate": false,
    "count": 0,
    "updated": 1542237554
  },
  {
    "id": "772ed587-371b-4d3e-8134-d0e86d5ee243",
    "data": [
      {
        "text": "Agenda",
        "userDefined": false
      }
    ],
    "isTemplate": false,
    "count": 0,
    "updated": 1542237554
  },
  {
    "id": "82caa786-a3a8-45aa-a0d8-def83bea400e",
    "data": [
      {
        "text": "Ponentes",
        "userDefined": false
      }
    ],
    "isTemplate": false,
    "count": 0,
    "updated": 1541597807
  },
  {
    "id": "a1e0dc9b-7869-41e7-bd54-4c0f69243b0c",
    "data": [
      {
        "text": "Ponencias",
        "userDefined": false
      }
    ],
    "isTemplate": false,
    "count": 0,
    "updated": 1541597807
  },
  {
    "id": "5af6ab9f-4af9-4892-9187-920cfa600f23",
    "data": [
      {
        "text": "Cartel del evento",
        "userDefined": false
      }
    ],
    "isTemplate": false,
    "count": 0,
    "updated": 1541597807
  },
  {
    "id": "2b6846d3-d0aa-42fb-9d8c-2f6465d2c04f",
    "data": [
      {
        "text": "¿quienes son los ponentes?",
        "userDefined": false
      }
    ],
    "isTemplate": false,
    "count": 0,
    "updated": 1541597807
  },
  {
    "id": "eb24fb75-3e61-4914-ae6c-01aed91bb2f9",
    "data": [
      {
        "text": "¿cuáles son los ponentes?",
        "userDefined": false
      }
    ],
    "isTemplate": false,
    "count": 0,
    "updated": 1541597807
  },
  {
    "id": "bde068fc-7b6d-44fb-bde3-7f66328343fc",
    "data": [
      {
        "text": "Dime los ponentes",
        "userDefined": false
      }
    ],
    "isTemplate": false,
    "count": 0,
    "updated": 1541597807
  }
]