[
  {
    "id": "cb8a47c7-6851-4e21-b9d1-107510070838",
    "data": [
      {
        "text": "dime las ponencias ",
        "userDefined": false
      },
      {
        "text": "de las 10:00",
        "alias": "time",
        "meta": "@sys.time",
        "userDefined": false
      }
    ],
    "isTemplate": false,
    "count": 0,
    "updated": 1542232149
  },
  {
    "id": "3114c7e2-7987-4893-bd1d-927dad80d1aa",
    "data": [
      {
        "text": "ponencias ",
        "userDefined": false
      },
      {
        "text": "a las 13:30",
        "alias": "time",
        "meta": "@sys.time",
        "userDefined": false
      }
    ],
    "isTemplate": false,
    "count": 0,
    "updated": 1542232149
  },
  {
    "id": "2d67a534-7cce-44c1-b20a-f6e153039b51",
    "data": [
      {
        "text": "que ponencias habrá ",
        "userDefined": false
      },
      {
        "text": "a las 16:00",
        "alias": "time",
        "meta": "@sys.time",
        "userDefined": false
      }
    ],
    "isTemplate": false,
    "count": 0,
    "updated": 1542232149
  },
  {
    "id": "504de699-1dbe-4730-8d9c-7def71f8be23",
    "data": [
      {
        "text": "que ponencias habrá ",
        "userDefined": false
      },
      {
        "text": "a las 12:30",
        "alias": "time",
        "meta": "@sys.time",
        "userDefined": false
      }
    ],
    "isTemplate": false,
    "count": 0,
    "updated": 1542232149
  },
  {
    "id": "f7929111-7451-4439-adef-446294843a42",
    "data": [
      {
        "text": "Que ponencias ",
        "userDefined": false
      },
      {
        "text": "hay",
        "alias": "geo-city",
        "meta": "@sys.geo-city",
        "userDefined": false
      },
      {
        "text": " ",
        "userDefined": false
      },
      {
        "text": "a las 9:30",
        "alias": "time",
        "meta": "@sys.time",
        "userDefined": false
      }
    ],
    "isTemplate": false,
    "count": 0,
    "updated": 1542232149
  }
]